ProductSet,Product
Daily Essentials,Ice Cream
Daily Essentials,Vinegar
Daily Essentials,Honey
Daily Essentials,Bath Towels
Daily Essentials,Feminine Hygiene Products
Daily Essentials,Tuna
Daily Essentials,Milk
Daily Essentials,Baby Wipes
Daily Essentials,Canned Soup
Daily Essentials,Jam
Daily Essentials,Toothbrush
Daily Essentials,Tomatoes
Daily Essentials,Coffee
Daily Essentials,Broom
Daily Essentials,Laundry Detergent
Daily Essentials,Toilet Paper
Daily Essentials,Syrup
Daily Essentials,Potatoes
Daily Essentials,Beef
Daily Essentials,Diapers
Daily Essentials,Deodorant
Daily Essentials,Peanut Butter
Daily Essentials,Air Freshener
Daily Essentials,Insect Repellent
Daily Essentials,Pancake Mix
Daily Essentials,Mayonnaise
Daily Essentials,BBQ Sauce
Daily Essentials,Salmon
Daily Essentials,Carrots
Daily Essentials,Trash Bags
Daily Essentials,Light Bulbs
Daily Essentials,Shaving Cream
Daily Essentials,Dustpan
Daily Essentials,Ketchup
Daily Essentials,Water
Daily Essentials,Chicken
Daily Essentials,Ironing Board
Daily Essentials,Banana
Daily Essentials,Extension Cords
Daily Essentials,Cheese
Daily Essentials,Dish Soap
Daily Essentials,Shower Gel
Daily Essentials,Cleaning Spray
Daily Essentials,Toothpaste
Daily Essentials,Hair Gel
Daily Essentials,Eggs
Daily Essentials,Plant Fertilizer
Daily Essentials,Cereal
Daily Essentials,Soda
Daily Essentials,Orange
Daily Essentials,Yogurt
Daily Essentials,Rice
Daily Essentials,Lawn Mower
Daily Essentials,Cereal Bars
Daily Essentials,Spinach
Daily Essentials,Bread
Daily Essentials,Iron
Daily Essentials,Dishware
Daily Essentials,Vacuum Cleaner
Daily Essentials,Hand Sanitizer
Daily Essentials,Cleaning Rags
Daily Essentials,Trash Cans
Daily Essentials,Razors
Daily Essentials,Pasta
Daily Essentials,Tea
Daily Essentials,Pickles
Daily Essentials,Butter
Daily Essentials,Mustard
Daily Essentials,Olive Oil
Daily Essentials,Shrimp
Daily Essentials,Mop
Daily Essentials,Chips
Daily Essentials,Onions
Daily Essentials,Apple
Daily Essentials,Garden Hose
Daily Essentials,Paper Towels
Daily Essentials,Tissues
Daily Essentials,Power Strips
Daily Essentials,Sponges
Daily Essentials,Soap
Daily Essentials,Shampoo
